Epoch,avg_psnr_predicted_save
400,37.3856938884
800,37.669772422
1200,37.9694820466
1600,38.0936460007
2000,38.1333557377
2400,38.1959441533
2800,38.197247468
3200,38.2238077357
3600,38.2367378521
4000,38.2569604766
