Epoch,avg_psnr_predicted_save
10,39.1210844621
20,39.1384507784
30,39.1724541183
40,39.4229338384
50,39.8022116925
60,40.5882448619
70,40.9706525086
80,41.1295274045
90,41.1542421882
100,41.1626760265
110,41.169427654
120,41.1638700309
130,41.1704188378
140,41.1781514277
150,41.1794706153
160,41.1860483182
170,41.1895527262
180,41.194789126
190,41.2062821353
200,41.2013072199
210,41.2102206313
